,A,B,C,D
2017-02-26,-0.5777526993204299,0.664268883034648,1.8503928374739549,-0.10702766015596157
2017-02-27,0.1050798793343033,-0.5040539830999199,3.9647815784781177,1.4656562661262387
2017-02-28,-0.4747171464403541,1.932829722730816,4.2315425689855095,2.162414410274718
2017-03-01,-0.5967542876794227,2.197548212734806,4.100015532781283,0.08181538272031164
2017-03-02,0.02988596098907026,4.662470117261897,4.080422872478131,1.1944684945060373
2017-03-03,1.561792649416947,4.565754536155414,2.5423021205128835,0.6223161041762555
2017-03-04,2.4032630166873723,6.217323182585874,3.041469059568095,1.6671239623945386
2017-03-05,2.3680802856873457,6.399021533494047,3.018207138387965,0.3028308817094507
2017-03-06,1.693867706583179,6.882597683613496,2.821657795509921,0.8729790349845038
2017-03-07,0.33597969706550956,7.980796965306359,1.9909008735084959,1.5837019319071968
2017-03-08,0.7891862184396168,8.140056496896785,0.5575366248146605,1.7267126929391505
2017-03-09,1.9288654931721112,6.9596081708769475,0.5456458789747236,0.9867311025013047
2017-03-10,0.15204948155408227,6.737656233652256,-0.3431824566992744,1.7672022357603692
2017-03-11,-0.327573010469871,7.023924117367504,-1.2784942776446198,1.8129383370442818
2017-03-12,-1.2081756813984459,7.305129196266686,0.10870694363406375,0.9446838518731904
2017-03-13,-2.146816741427598,6.441192246003203,0.263651328067014,0.8147241032266104
2017-03-14,-1.8576455656484778,6.3519903067312224,-0.8463523158299591,1.0505998669442116
2017-03-15,-1.2349099268554906,6.6123012965834365,-2.3747326197755187,1.149285405678979
2017-03-16,-1.7723598743698523,7.360320316317041,-3.2272669749268976,0.8567665905156998
2017-03-17,-3.0150224653275934,6.720837401421905,-2.8470362312656734,-0.2975701309275818
2017-03-18,-2.684417431612994,7.110667304734118,-2.3699836277721857,0.547972575167659
2017-03-19,-2.434682045972318,5.422642705645281,-1.3777498925496183,0.31277788849559335
2017-03-20,-1.696433272467679,4.067040187896928,0.8309792173842045,1.7082455677151447
2017-03-21,-1.0406911584866148,2.9116737338756415,0.39921561944074996,2.419332836247357
2017-03-22,0.07331738272556909,2.4875856747400933,-0.8907757832197933,2.014524632492944
2017-03-23,-0.15709151376512587,3.143836922502138,-0.7263972583135523,1.1877899515927064
2017-03-24,1.3480481290564028,2.7274873618252706,0.4154916637680326,0.7778508680062419
2017-03-25,0.9848067850885189,2.62139630431184,-0.05710048391630712,0.33867189800929376
2017-03-26,0.20034586660635,4.06349103362504,-1.4109866913574258,-0.5287893513544877
2017-03-27,0.40131781236533604,5.472115973372031,-1.9615269011440255,0.04775692401301801
2017-03-28,-0.1150309411037399,4.59919952950017,-1.407902277549979,-0.12016117440182053
2017-03-29,0.18448307630755617,4.551666544208747,-0.5449938496866497,0.878234160103623
2017-03-30,0.9592107564020786,5.022467702853979,1.4269603191472084,-0.3803710819577095
2017-03-31,-1.3210913260654154,3.905740322626682,1.926968115248198,-0.540113259468949
2017-04-01,-3.014147410863822,4.255452622482988,1.624398455837874,-1.4921792073482245
2017-04-02,-2.484738154097263,5.434059472932313,1.3228420836861645,-3.455971998306773
2017-04-03,-4.321851381915704,5.62988697392028,1.9535076872586536,-3.984987170624801
2017-04-04,-3.565643342118704,5.823612318286754,1.5964077835951214,-1.5389490877392786
2017-04-05,-4.432915041238893,1.7565836323613206,0.34951845780211666,-2.030998599710325
2017-04-06,-4.692481831401215,1.9210999362000407,0.30538678319745616,-1.8352839486405415
2017-04-07,-3.737522892190734,1.306265746115588,0.7337476146169515,-3.1339578042444245
2017-04-08,-2.4644024222900347,0.036173245266374554,-1.0372980694072558,-2.4550204804010374
2017-04-09,-2.9102284850469173,-0.46132790478212354,-0.859773446924541,-3.636398284217059
2017-04-10,-3.480922512130321,-1.5044413566922548,0.1317079703390639,-4.562115177128292
2017-04-11,-1.997281663341158,-1.6926719148416929,2.1359910673965894,-3.9553437656788377
2017-04-12,1.6419719684838197,-1.1537271555028394,2.521808213128441,-4.9570787864885215
2017-04-13,1.105917115663298,0.21992493276487113,2.5925355831136208,-4.5634695963932685
2017-04-14,2.396531567253786,-0.38590578274328535,2.5806306386654114,-4.28796510780425
2017-04-15,2.2208820334948975,-2.1695414141045157,5.379900280907567,-4.587448941778091
2017-04-16,2.5426070768872533,-2.494756281816122,5.13027053883174,-5.066910500286634
2017-04-17,0.9964960865577304,-3.3469544287000352,5.587506698010989,-3.880721933832371
2017-04-18,0.12625922557598668,-3.66341549760749,5.4983059918308275,-4.114795798872027
2017-04-19,0.2620751100572541,-3.573960316673968,7.370745407134574,-3.353580008548467
2017-04-20,0.4194797079865319,-3.0227351598738443,10.225478103921182,-4.039167632451483
2017-04-21,2.1166979849006085,-1.3916036286824705,9.583803969333285,-3.8134622469864787
2017-04-22,1.2276386175442406,-0.05912569119633293,9.497677073552277,-3.6023552596434314
2017-04-23,0.7250475183690356,-0.10154269380179898,8.260256070074256,-3.284519132313347
2017-04-24,-0.4565327652477563,-0.03295152452226037,9.23476739237328,-1.6237082963366747
2017-04-25,-0.630409977271102,1.7618861903236842,8.869400137270947,-1.1160538233548065
2017-04-26,0.061886362437535314,0.8872244716025273,9.307610864541207,-2.515192636008135
2017-04-27,-0.7698850968426272,1.826807645560366,9.975002818080036,-1.371741257592357
2017-04-28,-1.4984767749774637,1.9456911385931444,10.06057520417386,-1.9431808284143328
2017-04-29,-1.6859414132420676,2.5781085372278945,9.350902636947994,-0.3512937697671945
2017-04-30,-0.9178357357193854,2.7222395378371598,7.52363571085183,0.39873082157880224
2017-05-01,-2.047574817505293,3.0861673382519714,6.666478328128709,1.9442476725164077
2017-05-02,-2.7072423513127823,4.733416554507861,8.871032245114879,0.6639329038803297
2017-05-03,-4.042246188496209,5.075401263575293,9.038161519841013,-1.7028134055552884
2017-05-04,-4.694436136069489,5.8978791752572635,7.753437684192173,-1.8532605055566849
2017-05-05,-4.9157652406908126,6.11752164164892,7.625839406785929,-0.9103328169021363
2017-05-06,-3.750943102848712,8.135838639171753,7.814653663266349,-2.1465611770262893
2017-05-07,-4.783243126129356,8.787441850657682,6.545554691688378,-1.858574344637465
2017-05-08,-6.114650091012768,8.269994130845935,8.617741527086446,-3.143128422575191
2017-05-09,-8.030074007941396,7.874864702675962,6.694444489752106,-4.088352476334744
2017-05-10,-9.168567761614241,8.758621805631657,7.8266385559798906,-3.643727210607512
2017-05-11,-8.893321706562606,9.937761084990797,8.178197859177889,-4.722400775186019
2017-05-12,-7.74436854026758,8.01422406183164,8.489815158319209,-3.0823201527168953
2017-05-13,-8.641029343080204,7.373426053192049,9.434275091404107,-5.167807954458244
2017-05-14,-8.146573059847157,7.1209266050686555,8.552488877274534,-3.438357408904284
2017-05-15,-8.627107386579771,8.167689040920694,8.189301821090657,-1.842476987166684
2017-05-16,-6.77574975876757,7.725512138263275,8.32622207385719,-3.567371400568736
2017-05-17,-7.2529311579098685,6.492430095024721,9.040646668946216,-2.441391254864037
2017-05-18,-6.489220144994799,8.503428594778669,8.862809518588058,-2.0260954563464604
2017-05-19,-9.14869957492888,8.391393237293565,9.021763025484255,-1.3414347229026253
2017-05-20,-7.688290197321496,6.938011031007204,8.996045501549299,-1.364495782179727
2017-05-21,-7.2732567880863295,7.739716338289269,7.905192008385938,-1.1543613478476487
2017-05-22,-6.992807986438366,9.775510206188153,7.212534166608601,-1.9575407697229648
2017-05-23,-8.53682233111823,9.744246276381224,7.998367231405153,-2.6088386947532705
2017-05-24,-8.342462972083094,10.136115373079013,8.064667802610632,-3.6557546109989
2017-05-25,-7.846147717536746,10.529671527686832,8.973518714143639,-1.5585718247922382
2017-05-26,-8.285906187501189,12.557488606213612,9.926267789696425,-0.42703047722301934
2017-05-27,-7.375238545906498,13.058047696007101,8.677595509565117,-1.4382478033422157
2017-05-28,-9.156880474541552,13.124517657555193,9.12437396318107,-3.46944756187428
2017-05-29,-8.962543030590846,12.66187687624203,10.547374125218383,-6.046062502082195
2017-05-30,-8.912992693381115,12.177155520682197,10.266955561517939,-6.727825121021772
2017-05-31,-9.558992107486944,12.143455054455595,11.218828185331136,-6.250700153488735
2017-06-01,-8.655602899866082,12.982242032285765,10.922757398976962,-6.984229823634592
2017-06-02,-8.05070365416216,14.636204188677821,10.3042857853605,-9.41912399680554
2017-06-03,-9.07683945462417,15.50973751328037,10.925383999717651,-8.134469104704758
2017-06-04,-9.860246131126575,16.675564363738722,8.832262459669202,-8.863641148359662
2017-06-05,-10.977318077293418,16.285112722856155,8.336757745266006,-8.290465219556417
2017-06-06,-10.981973851706549,15.215454542164423,8.473350943281536,-7.914577297827529
2017-06-07,-12.984801454500735,13.215366311580684,7.224379220063126,-6.580052687500829
2017-06-08,-12.842184343198868,12.95416236276973,5.376866307215886,-5.537007855722055
2017-06-09,-12.719228788990476,12.717409922388695,5.309024804517236,-5.697427711404063
2017-06-10,-12.85341174953147,13.200515965992818,5.82056776903984,-4.6597550311834715
2017-06-11,-12.295353865345014,13.429947004396732,6.364114051516899,-1.6439225406196876
2017-06-12,-12.890642529937967,11.68158019610094,4.711813228404436,-2.2196770385557416
2017-06-13,-12.146474195062014,12.793488685963558,4.902570545515527,-1.778218321791924
2017-06-14,-12.741573948181884,12.761172878617197,6.453830668869973,-0.9127583925096485
2017-06-15,-12.183516988798406,11.184758012653615,6.487013726654038,-0.9111677073823377
2017-06-16,-12.193241392519639,12.31971214543836,4.724356801302968,-0.5771169482121221
2017-06-17,-11.763340818336342,10.899723034263554,7.164786766803051,0.07610649155346183
2017-06-18,-12.751306919582312,10.77706063158008,6.098757881925275,-1.0379717692204262
2017-06-19,-12.134222353843302,10.832794957734828,6.469765123379116,-0.9442542597933383
2017-06-20,-12.97525735154088,10.950283258106065,5.769948414963365,-0.025089942327460202
2017-06-21,-11.670686480880356,11.167678787902505,5.450142091429592,-2.749558859100217
2017-06-22,-11.625823391610018,11.878220946677118,6.730108912558428,-1.927049483959941
2017-06-23,-13.587365624502509,12.670560172020334,4.74157758235633,-0.646737585983991
2017-06-24,-14.117652334857306,11.654386236892435,4.047408290050357,-1.0822753803574747
2017-06-25,-14.3991624079845,11.728050361174487,4.239557499129389,-0.752823050359305
2017-06-26,-14.385557177923081,11.753014056511311,6.243309741691655,-0.08949016204204752
2017-06-27,-14.266082573283164,12.493475092382033,7.226488817406915,-0.22961037103732243
2017-06-28,-14.905564358902929,11.558587396672863,7.295468863161715,-0.48688048987566557
2017-06-29,-15.12976914247576,12.525526581861651,7.905570740214214,-0.7974662403480923
2017-06-30,-15.208038442257397,11.99741149570094,6.087120535823346,0.8320176168842421
2017-07-01,-15.095940426634863,12.644232019133394,5.367001237437938,1.2596570461557037
2017-07-02,-15.33569431031829,12.286151393163685,5.865473951761488,1.313283480180517
2017-07-03,-16.49585609650813,11.640183726554685,5.443268010198239,2.064915040747387
2017-07-04,-18.4386235864056,12.722129148946134,4.982264689116787,1.7262073942890526
2017-07-05,-19.88716933108783,11.73025776519093,4.990351259188617,1.041424848882222
2017-07-06,-20.489700300524586,11.012673501743846,4.96195856862778,1.2826085224422845
2017-07-07,-20.38619357193413,10.102183821385115,5.19077699963012,1.6702593266577073
2017-07-08,-20.520755104620875,9.134868520001866,4.853903242208075,1.3944544664526801
2017-07-09,-19.696694868932873,8.988442968550576,5.555493377775482,0.5534386546891357
2017-07-10,-19.40840589584299,9.530661146656199,5.10773905649064,1.973493029993085
2017-07-11,-20.79365015279059,9.62229372963708,6.60083236005448,-0.6499708540288618
2017-07-12,-19.491455675113375,10.263922504921268,7.138046807028858,-0.9622370829972222
2017-07-13,-18.64005887573857,10.920074090102041,7.791321268351723,-1.7738243239758757
2017-07-14,-19.609498506401064,12.097510396165063,8.447148832196143,-2.3573967508267195
2017-07-15,-18.752560521158532,11.188644193079947,10.412888982057662,-1.2872904722779352
2017-07-16,-19.144826009893794,11.82665734465409,9.899620509075062,-1.8425499046611804
2017-07-17,-17.678248615147137,11.611324737433462,7.802621855651936,-2.2960489301502043
2017-07-18,-18.126587288184382,11.202621913831477,7.1436432217820265,-2.909160264715454
2017-07-19,-18.551548862114032,11.856882588404785,7.36663632033462,-2.933915794010333
2017-07-20,-17.963269997081234,12.99261040298945,7.712992572501157,-1.5949542593961565
2017-07-21,-17.906549315274308,14.973508055560377,7.585473977333925,-0.9231294557240378
2017-07-22,-19.010739032070582,17.15675753017083,8.224098007083299,0.7641640394717789
2017-07-23,-18.31430434093256,17.133053689114845,8.28521304370938,0.37962859257418863
2017-07-24,-19.08842411565213,17.791893227295084,7.302346724361193,1.3585308313302393
2017-07-25,-17.829144377672154,18.419692670403414,7.429849262184661,1.7951928150321517
2017-07-26,-18.606211623906187,20.688574746400686,6.4262348494798704,0.3752958540951592
2017-07-27,-19.026096213128337,20.408974282817653,4.913095309840418,-1.3929180216138963
2017-07-28,-19.128849777210327,18.356592022884758,6.240238948334024,-0.7588168159292594
2017-07-29,-18.950147554541495,17.412167203192055,6.957707515190995,2.831788858233394
2017-07-30,-17.747658381695793,16.219596923192125,6.76227823723287,2.6678347786000263
2017-07-31,-17.25863025281518,16.815598300891914,5.799591449069143,2.028249434939617
2017-08-01,-17.8470573166051,17.582014554064617,7.249236765935125,2.848311543202337
2017-08-02,-16.866643445371427,19.640435880510342,8.700826317432552,5.384687187664149
2017-08-03,-15.829469010597863,18.93459562510458,8.851204415079742,6.665589852835757
2017-08-04,-16.89452330580278,20.942249425648114,8.472428654681602,6.649105268555422
2017-08-05,-16.791813136896003,20.658927848730148,9.433558171850178,5.898897875958876
2017-08-06,-15.979798260870002,20.233723893568904,9.58039365438049,4.894700840432883
2017-08-07,-16.140697071506743,20.756733090468312,8.317243270932302,4.771551236543029
2017-08-08,-17.574221488790563,20.236929375255787,9.079053269313453,4.7302046323062585
2017-08-09,-17.353706877707232,20.08768060391732,6.899835637104056,6.001193127570457
2017-08-10,-18.142076689713097,20.4631720699916,6.154603663313923,6.340360301897889
2017-08-11,-18.795744669822707,19.97503984408219,4.498338551017065,6.388148845386165
2017-08-12,-18.28776765007199,20.355283408737264,4.922633468829986,8.465300964776358
2017-08-13,-17.19926525317113,21.11761278850082,6.366885271227056,8.846182445312374
2017-08-14,-15.468800296118177,20.95880786362755,5.091963832835592,9.53525397526129
2017-08-15,-14.672658729065178,21.785587019294418,5.986759416984815,8.498117116496436
2017-08-16,-14.528294448446523,21.888910131575827,4.035980836978133,9.011249999099812
2017-08-17,-15.009856687338901,22.791712772307655,4.809957126655458,8.297627376881051
2017-08-18,-14.607136632759508,23.436614738948236,4.6219083791227895,7.6280713525833095
2017-08-19,-13.55445809133064,24.14143754835701,4.824715366204292,7.060882319949025
2017-08-20,-13.12718211883895,23.794455757656813,5.6848951511639125,8.386567135321963
2017-08-21,-12.009576878977093,24.109192431883237,3.5838509516397137,8.606059378221556
2017-08-22,-9.628388858161605,23.270196609787188,3.5517487325710926,9.04967164164743
2017-08-23,-8.784740138436387,22.7695465755946,3.9702164704711436,7.73890832027208
2017-08-24,-7.566455996673047,21.83590620793224,4.3038697059716595,8.19766298829621
2017-08-25,-7.5034888410077825,22.19821012798262,3.734660585555975,9.895893636453033
2017-08-26,-7.921687024573314,20.997690931771885,4.9562882648430735,10.24172899666175
2017-08-27,-7.767888271646589,20.260101447792273,3.8413577173148177,9.98868362466045
2017-08-28,-7.590107618117745,19.796592036118277,3.871322816196812,10.356181445053092
2017-08-29,-6.324533348274238,19.52338556841144,3.0393549431697653,11.379550705375054
2017-08-30,-7.088344722423404,19.180816734595318,3.595052324909482,11.454182194679618
2017-08-31,-7.670364424558696,19.3196003515984,3.949648480869658,10.885848190002942
2017-09-01,-8.445409348070845,19.76602736251318,3.5607757570231153,9.94178944722405
2017-09-02,-7.239062932027728,19.24044716515039,4.24054404428543,10.755212956654045
2017-09-03,-6.722535661917193,19.7793878153017,4.174132643001884,10.85266416856103
2017-09-04,-6.798340968755465,19.847236831822492,4.209379388991273,11.958353222114248
2017-09-05,-6.134184534258201,20.145127968800114,3.3212707176776632,10.637414911799556
2017-09-06,-5.876732962284866,19.832936851543675,3.010611914660489,10.730470696955006
2017-09-07,-4.566182796063126,18.736132499268273,0.9977203868996951,10.836295703342591
2017-09-08,-4.985152175277217,19.189678492199203,-0.15428394561696912,10.615842165652566
2017-09-09,-5.456904863457649,17.633328366732094,-0.6660370810920305,11.395222893170443
2017-09-10,-5.929721365574194,18.73237364497064,0.02688113410670956,12.607761599103494
2017-09-11,-6.732062323527816,20.046036503015458,1.8728544649943362,14.090137693479779
2017-09-12,-5.902384967758925,20.88913783218261,2.286598857450864,14.59490117331184
2017-09-13,-4.822176961553259,21.074826751187313,2.1101261890246725,15.914451148236008
2017-09-14,-6.30974902670494,20.553886025411533,1.630881943911418,16.260930674880612
2017-09-15,-6.03230657146955,20.103815320939344,2.4212452233144344,16.53376288788163
2017-09-16,-6.886104604767365,18.591150688771897,4.681478842779002,16.94641494259776
2017-09-17,-5.558294384777213,19.39908039943053,4.625392330726976,16.586751100720328
2017-09-18,-5.932537187792244,19.211782100340777,3.340750661685667,17.691586854452506
2017-09-19,-7.054982289039447,17.89235054806542,4.6364605057739565,19.208464397615657
2017-09-20,-7.219268143284411,17.40214715390508,5.418992714847702,18.84445059669615
2017-09-21,-6.281797117411301,17.735484735474298,3.5354953537509965,19.125200095791623
2017-09-22,-8.64951988651306,17.75638433007099,3.470483343565098,17.03364590890007
2017-09-23,-8.940473717767176,17.731780749706356,1.3855693117964956,14.402941596027691
2017-09-24,-10.406541968824442,18.477756063450702,1.899803488022108,15.032610342838572
2017-09-25,-9.225625937810182,20.08002330659805,0.8621342830059391,13.349912823977363
2017-09-26,-10.182682324120167,19.874630015814997,-0.11597705813704284,12.261658413864545
2017-09-27,-11.044873796981653,20.400759424365962,-0.6730029357149959,13.560575296079975
2017-09-28,-7.463784165494808,20.630757449691366,-0.4781686623852057,12.872748276573313
2017-09-29,-7.049048350712233,21.12715048800323,0.07762873712085805,12.605019245553107
2017-09-30,-7.805600476817163,18.462845342020895,1.4576323729398522,13.731549579785025
2017-10-01,-8.55471037024106,16.999815742727172,0.8080435387941846,14.472526718745655
2017-10-02,-8.797223262267325,16.772818818041014,1.3319631104140641,13.392315038450851
2017-10-03,-8.039411889840798,16.856646723662383,2.1777065013596615,13.654469611321383
2017-10-04,-7.714196673416042,17.642745794672713,2.2060484573350543,15.86799872191523
2017-10-05,-8.746879270693361,18.098217093502768,2.8759592049336815,14.816901901725748
2017-10-06,-9.255917196549797,17.82519369151747,2.8284380998682,14.394540427375768
2017-10-07,-8.007482593756656,19.446855010849244,2.8026086366951075,15.516739639811005
2017-10-08,-9.309457175483494,19.772893617051615,1.99578948181026,15.9027372465834
2017-10-09,-9.468201364241015,19.23488122864893,2.633564863916395,15.796767504262547
2017-10-10,-10.186083670467486,20.350925849308794,1.819218325916801,15.4996054247729
2017-10-11,-10.409235708051769,20.626178359850872,1.801923600124062,14.501974399175921
2017-10-12,-12.156183167333948,18.846397122029245,1.8359744528702788,15.081000810666504
2017-10-13,-12.32733835950333,20.850719252172098,0.5260922799270094,14.501695850549737
2017-10-14,-12.977907837119705,20.572445251075674,0.40785250014445085,14.724239956805413
2017-10-15,-12.828689055386098,22.571179915959526,0.27447789198330846,14.89798994279481
2017-10-16,-13.622135839358588,22.646576673999707,1.1540207853367634,12.790569933293657
2017-10-17,-11.811838442990048,22.256715864247738,-0.4571026229470343,14.123661564041434
2017-10-18,-10.970257925491634,22.34365547581767,-1.4436458786335242,14.45957281596616
2017-10-19,-11.696384417802584,22.97896940254743,-1.2367922658662371,13.484997512060097
2017-10-20,-10.761874931292224,22.01419435328174,0.05779904245972656,15.558241344957725
2017-10-21,-9.530872186936682,21.996714000997958,0.34718712516105266,14.45667208782006
2017-10-22,-9.910102550971015,21.471778383563592,1.2572537619013886,15.933699227205556
2017-10-23,-10.10803142717205,20.400065792696182,0.35025856277727985,16.179500786461993
2017-10-24,-9.684310513924332,20.681417724734274,1.4728205893881379,15.868924557373667
2017-10-25,-10.68578929404971,22.01563080684375,0.3440185999209231,15.41931318329049
2017-10-26,-10.564731578958343,21.836221504947922,-0.06484062539144675,15.816109747119034
2017-10-27,-8.665752573732174,23.227283462426016,0.334241675937563,15.263482297392756
2017-10-28,-9.813153958418786,20.64513450736315,1.0061186876177253,14.487532865231953
2017-10-29,-10.769551421486762,19.89925438326299,0.7853974152901153,15.39152318218028
2017-10-30,-10.474532373929971,19.822105083661757,1.853013205195911,15.65871646268739
2017-10-31,-10.282063295172991,19.119307016378468,2.0327583374159564,15.822325222294849
2017-11-01,-10.834185645123897,18.255865365392147,2.342969540967453,16.413707538688932
2017-11-02,-10.713474405444394,18.734619558606415,1.1342824284744397,16.74420803289142
2017-11-03,-11.288584008998265,17.861924245442793,2.7320189528317136,16.536520671388086
2017-11-04,-10.98602140428754,17.294473920907002,3.0592860466301754,15.776460640236108
2017-11-05,-11.710240910447054,16.27589654247155,3.030819882518231,15.051790933262176
2017-11-06,-12.515582442364025,17.864663317573335,3.285443097885139,16.12041999686642
2017-11-07,-9.94590328713696,16.114861684714686,3.610980378502373,17.659927770807396
2017-11-08,-10.285249579695623,15.42402549042358,3.6149004298391456,17.16440424174868
2017-11-09,-9.412734253178195,16.001273592716213,2.831255744454925,16.758538687556047
2017-11-10,-11.026156245772277,17.400992645204166,3.13883311139146,15.75147842523885
2017-11-11,-10.477055579040401,16.209416155747522,3.942240875875344,14.794447972102567
2017-11-12,-10.042628535640532,15.995918027795891,4.797927559042084,14.093878697703603
2017-11-13,-10.618337747133747,13.808737648342547,5.279315775223351,12.085699008442136
2017-11-14,-12.723409005730645,13.26538780795995,6.788552083308984,13.268709068284275
2017-11-15,-10.76364537371319,11.062662882498696,7.217873996132602,12.715476058374243
2017-11-16,-9.989826777730833,9.92513489425533,7.459242994688139,13.234239839688655
2017-11-17,-11.309373936362093,10.759872146198832,7.024927728998914,12.879458508946422
2017-11-18,-11.61564808339383,10.746708393234613,7.42577472985343,14.213453709862746
2017-11-19,-12.495390062930962,11.342089699550053,6.614446146072303,12.873614664893939
2017-11-20,-12.965491492330099,9.820898710416994,5.898260419006145,10.315236438013288
2017-11-21,-12.24446420572002,10.009109878627958,7.517417269678624,10.483514632702423
2017-11-22,-11.558733952485719,10.657975767132006,8.885532516700875,10.153162928033291
2017-11-23,-12.174659116434254,10.498749402573432,8.793030563133993,8.370102769303303
2017-11-24,-12.786614450003515,10.10873784135758,8.826300858536403,8.363760260689851
2017-11-25,-12.334986096155825,9.486196643849441,9.798681897773733,7.735219638944658
2017-11-26,-12.961027931774725,9.72295921991552,9.972304748346195,7.7338123300315935
2017-11-27,-13.046253451498796,9.275419991849018,10.54308677171258,8.935070922572649
2017-11-28,-11.778185701194753,10.495978874165328,10.640117657303142,7.235945460828174
2017-11-29,-11.678317995142496,9.501468614273396,9.959140283437568,6.687729007916379
2017-11-30,-13.097248776297116,8.444570148969772,9.816847187967106,7.8451257027571755
2017-12-01,-10.460338875509269,8.363405363424064,9.171598607953133,9.38745400983573
2017-12-02,-9.216053783890263,8.264637963803851,9.084409544576284,9.417401109502984
2017-12-03,-8.562029581408371,8.578653938620587,8.037983811433158,9.16813661817307
2017-12-04,-8.005643772386396,10.191269488373171,8.674949679169552,9.225481445613164
2017-12-05,-8.196358090084287,9.352908055512021,10.320166262485237,10.325592892875688
2017-12-06,-9.072020645082844,10.826432074128439,11.15378584804844,9.106906344685475
2017-12-07,-8.347924283592238,10.218548135718411,10.716001938597994,10.11809337233749
2017-12-08,-7.978940642438345,11.282317887731192,9.824759271640323,9.21316245340518
2017-12-09,-7.83715827136278,10.731347503513641,11.433802882626237,11.279199643303732
2017-12-10,-6.866400279353322,12.204753135170076,9.417214691269699,11.272917031487255
2017-12-11,-5.781948317855268,12.1401261720298,9.0096090540881,10.993840122982169
2017-12-12,-4.239670102918879,14.677911204680367,9.033717868976193,11.608199127770636
2017-12-13,-3.162549019922591,14.492923327956472,8.3392799289083,12.18011106105367
2017-12-14,-3.7896796234565975,16.778043363222434,6.649804924359516,11.84132454732374
2017-12-15,-3.1267278293336354,16.96171096244361,6.583717103468957,11.589833888266503
2017-12-16,-2.747287337369698,18.658387808251764,7.936544495962493,11.07474019523542
2017-12-17,-2.2253273258734296,18.78778231845745,7.647274530454192,11.346457139833865
2017-12-18,-1.3546611438696565,20.295261923425482,7.275126931797835,11.18979217593206
2017-12-19,0.10408794507366204,21.072294319504664,6.394393775394511,10.791528526721812
2017-12-20,0.378515865886527,21.74323130847357,5.938235397984429,10.571848782180487
2017-12-21,0.316574320508788,21.804034152305857,4.332156976083137,11.891205271566353
2017-12-22,-0.9108055306481618,21.391004137389913,3.8373108004311227,12.869483582613835
2017-12-23,-1.2214197410015317,21.716394524598016,4.619843090064567,12.974631026887002
2017-12-24,-1.1745003174910926,20.663545131259557,5.080878931666869,12.280953820244301
2017-12-25,0.5169151171142923,20.21006067290042,5.341684585055128,9.934562576975985
2017-12-26,1.8977850126326599,19.39146359850237,4.087725766186852,9.722797040706753
2017-12-27,0.7560388178670778,19.503510112223843,2.3180186223398804,11.138567652125726
2017-12-28,0.7486202968754435,19.262843841413165,3.716220607708062,10.875617567690352
2017-12-29,1.7372064427008889,20.232413696975915,3.128893313968796,10.533158532225897
2017-12-30,2.4027384427424106,19.164158871127366,3.642980712429456,9.542045621071205
2017-12-31,3.8377414644272507,20.740202481220376,2.5953392436483513,11.067480923783068
2018-01-01,3.418085777181108,19.96439017852764,2.0134827417831698,10.844018747765876
2018-01-02,5.249147764879475,18.928665653617706,2.5578495298538444,9.470406034978922
2018-01-03,5.746285649280636,19.107576358863568,2.483953135363166,8.35135367115895
2018-01-04,7.674043869108745,18.287093477616832,2.0775215839905545,8.37612659457824
2018-01-05,8.278752637687107,16.956893517573167,1.8421954891008472,7.230744203759502
2018-01-06,10.197382722890616,16.3305016174688,2.4633047267712005,6.919693261045128
2018-01-07,10.839562433941232,17.097892695937205,2.8800932146171485,7.73780384812839
2018-01-08,10.787083105274425,17.329861209115357,1.6033927354254263,7.480866928050381
2018-01-09,10.330891843946246,17.29787807929106,2.1741549559292683,8.168039270668352
2018-01-10,9.978453846081676,17.83266211138785,2.996248351271833,7.936528320126614
2018-01-11,10.982935650131482,18.633737364826327,2.709295857014285,8.186265119070292
2018-01-12,11.098148310575818,18.355728930491793,1.9383339877564718,7.676841831319517
2018-01-13,11.004093349018975,18.7716564965031,1.963112396996702,8.064678725350435
2018-01-14,13.131965591215291,18.53069524489275,2.156302150919376,7.594272808764539
2018-01-15,13.302726059057104,18.135283951364954,3.752851611036232,9.052538222968623
2018-01-16,12.02914673768303,17.589201619742056,5.545296765966775,7.758167867172311
2018-01-17,12.020812533064564,18.50794802852157,4.029890970823934,8.748918673909131
2018-01-18,14.36368215297866,19.11409801398594,3.892690661750188,10.786557115726698
2018-01-19,13.94189885415195,19.400089566490806,4.349679247870422,10.229293234585837
2018-01-20,13.183850007754973,18.97323630118065,4.70815281524661,9.206555882692403
2018-01-21,11.089356604852963,20.54088958193682,5.3538972495700925,9.868143308237247
2018-01-22,10.967861034737975,19.105236970923432,5.414806611691238,9.984649613825509
2018-01-23,12.653626265744414,18.03019312713932,4.452460030959833,8.93949645465716
2018-01-24,14.165587734031245,15.702761969506444,5.308865403209668,10.09069614301865
2018-01-25,14.794113605475383,15.260865132576429,4.679179618564464,11.30778888831251
2018-01-26,15.454789752960385,13.244594630413282,4.565546512283476,12.548470300894165
2018-01-27,15.358101040800365,14.367542103706166,4.331248532612934,13.434024812034503
2018-01-28,15.355230170088364,14.607196436449417,6.980898585681356,12.216514062399963
2018-01-29,15.923770892055558,18.13461560817624,8.042927502355084,10.968749105940619
2018-01-30,15.436278936512048,17.612072966539717,9.687521752115043,9.270472719279063
2018-01-31,16.63541253724233,17.582232703547856,11.491466783996916,9.87130665174927
2018-02-01,16.19282483264264,16.86223920118508,10.267031458894174,9.330241326243488
2018-02-02,16.581465165586067,16.367642444630846,9.094298902593055,9.205744038424836
2018-02-03,16.742506678331086,16.535151223205684,9.184786353903702,11.714976872507078
2018-02-04,17.496070184119034,15.349555107310579,10.343358630920548,13.005395815651989
2018-02-05,17.972105673402726,16.77184912150204,11.97363409400715,10.859885452380507
2018-02-06,19.14042402021481,17.91901195304693,12.90093517891063,10.339003462207907
2018-02-07,18.296433198785707,19.930158316311775,11.562353291909382,10.11870115274035
2018-02-08,19.894785481962952,19.842455841919325,11.076987360712186,9.93428985139175
2018-02-09,19.859798708727386,20.15654461246531,11.057651376544477,7.836124948219959
2018-02-10,19.342524372565407,20.886206129793802,11.150269886518151,8.096464630366235
2018-02-11,19.175103778536066,21.95432351321617,10.69073389438251,8.584777350468116
2018-02-12,20.004771811362424,23.259953301998603,9.772675468388098,9.192665880840469
2018-02-13,19.87955520833086,24.28067373249323,9.439250240051054,7.236235008595309
2018-02-14,21.312252864376983,22.589241592712778,9.934869135793155,6.921925781444933
2018-02-15,21.2063175910896,22.75553217688367,9.923396667691966,8.58146411344626
2018-02-16,21.720574691482003,23.284092804212996,9.901233856025131,8.222795423927602
2018-02-17,23.359836493256633,20.894636916890555,9.81686222997167,7.2586317625207055
2018-02-18,23.69628165827015,20.001863675157235,9.008014522753813,7.919009271462931
2018-02-19,23.892244740138022,21.55757396739308,9.336761712751967,6.847171393801908
2018-02-20,23.177169271937096,21.725627190761863,9.253387547627725,7.07153623589752
2018-02-21,22.772739703637903,24.426951446566907,8.172092034471746,7.017829461341241
2018-02-22,24.891958797031062,24.22724262705977,7.326605509582102,7.11524905013949
2018-02-23,23.528505768684276,25.35319207311982,8.398012805311158,6.665803210274497
2018-02-24,23.43791525329184,25.30574793190387,8.60216927923661,7.802548628748543
2018-02-25,22.714393481335406,25.560954824978086,10.299746396453239,7.500132577010568
2018-02-26,24.61212024925798,24.811624380365625,8.326699196402922,8.054024733902509
2018-02-27,25.078378933262417,24.41200901502888,7.783850850106505,7.42177299024892
2018-02-28,24.05797378806386,24.150830638055858,8.82175404159546,7.558310553004316
2018-03-01,23.63408910362414,23.974005359300737,9.554341375247795,7.240693820444376
2018-03-02,22.596141678235746,22.3903594498596,9.555485584688448,8.83108345256712
2018-03-03,21.917420488841735,22.710099220666848,9.951580094229193,7.775166220442427
2018-03-04,20.828404254586268,22.625183195310264,11.241633508151557,8.586811526022913
2018-03-05,20.02228123497654,23.353106107409413,11.066568117500875,7.1855515139509665
2018-03-06,20.61542121994711,23.702209836477593,11.229295256256078,7.550565370981422
2018-03-07,19.58098110732406,24.625612079091137,11.196252246903475,6.738695261329566
2018-03-08,18.787376476384956,24.20604957265682,12.048298016399977,7.209647539206569
2018-03-09,17.410759842772656,24.713403855196404,11.033665208135904,7.6145183419699825
2018-03-10,17.9520457111145,25.187886986804394,11.159170691468125,7.54865119934542
2018-03-11,17.78242469854039,24.242074515426403,9.487918901938958,6.758846120455824
2018-03-12,17.29617721778831,24.40315990578466,8.09466378882702,6.12074782786541
2018-03-13,19.066040291059803,24.93969177184302,6.2226063299776895,6.365005272202802
2018-03-14,20.345806545007637,25.87212165022745,5.479736496545315,7.960920989277815
2018-03-15,19.04853102708563,24.856649571795902,5.351517858350734,8.280106957815704
2018-03-16,19.471835187521876,24.443626197497448,5.8927194060631845,6.995122851204114
2018-03-17,19.37757092100523,25.03363043271873,6.2586342152858725,6.079688959380216
2018-03-18,18.731294032637074,24.856495868417745,5.4176015635152215,5.638022495217749
2018-03-19,18.889109203568726,25.129282546578658,5.958046429496723,5.376215863219048
2018-03-20,17.492484056280325,25.410005953489588,5.734674063126512,4.959441703126248
2018-03-21,15.9189671387294,23.241063957219133,4.528279023243199,5.604727858520385
2018-03-22,13.864756634567588,24.590144009348926,5.909034368677686,7.213715713430807
2018-03-23,13.092304977916633,25.381190369405672,6.73675398386676,7.7708940721995585
2018-03-24,13.75568898034117,25.75438905259012,6.835333884854083,7.568493743429715
2018-03-25,14.192245597107483,25.843926911811522,8.54660469658776,8.2944660508511
2018-03-26,12.277187821871026,25.08952645592015,5.836865271231531,7.824673310730072
2018-03-27,13.056791414319768,25.802852353732767,5.1022970297084935,8.914320890612228
2018-03-28,13.67737906577889,26.232519173159616,6.106826236427469,9.171059520362103
2018-03-29,14.488592847220797,25.11356408062041,6.58994796804999,10.359997570389302
2018-03-30,14.053686133431073,24.520456305488015,7.138884405910578,9.592984517039376
2018-03-31,15.260183287918366,24.216059441772703,7.770278274633983,10.32662437983058
2018-04-01,14.416456517954714,22.94987552688972,7.838354455542832,9.051900051447722
2018-04-02,15.210249098580666,22.887313244418813,7.134324687239878,9.248108112933702
2018-04-03,13.871671413331667,22.19016857798174,6.770672115790393,8.090047468776403
2018-04-04,14.057726166516831,21.768698710489225,7.41229388382102,9.041437129179176
2018-04-05,14.413650187592836,20.82739719027367,7.464955894186221,7.176984309766779
2018-04-06,10.27875935208517,21.626422528824108,5.851903660742275,5.8646259725808845
2018-04-07,10.103856394248362,20.448806350914627,7.372834437750325,5.802969817914493
2018-04-08,9.819901108366679,20.0110738550972,5.963094487056718,6.447732955599434
2018-04-09,9.753461664827414,20.596022871148477,6.019604390489763,7.367779513926056
2018-04-10,9.929842248164745,19.010173676005103,5.2034295501599495,7.3679779575790505
2018-04-11,10.164275179460484,19.49588748433548,2.9356146075414933,7.649335258988266
2018-04-12,10.566702763789184,17.80426671505998,1.7440786453162813,6.890233904982549
2018-04-13,10.644066817923685,17.890133099767432,1.898082011093594,5.665789998317262
2018-04-14,10.039281924966305,17.54539340207178,1.5809668121951506,7.266819168467187
2018-04-15,9.761582570732422,17.809406768158233,1.677374285187337,6.548731570010895
2018-04-16,10.047993687651248,19.69191387178081,1.910046119045192,7.52044196502041
2018-04-17,10.991398973404019,20.617386704189066,3.318807915039123,6.061182661405371
2018-04-18,11.233645697340641,20.49565436924661,1.7808685151041965,7.296130537612699
2018-04-19,11.118848219801626,19.94373461606954,2.874615389793715,5.435552962938626
2018-04-20,10.991729015489366,19.359555242207264,4.053278744209444,4.916342219297943
2018-04-21,12.695135543900745,18.03268554274647,3.090866314954664,6.030894153218519
2018-04-22,15.961919614659443,16.77908262302709,5.982198334392113,6.700956669217939
2018-04-23,16.327617973828698,14.874082701382253,6.594673358706715,7.578640501117915
2018-04-24,16.27602622406743,16.12992349254261,7.068229032703675,7.927258805046489
2018-04-25,17.130262955589185,15.12979684933093,8.121254322530254,8.325277678926716
2018-04-26,18.509650979025135,13.89131710085184,7.60772364006696,7.355192544412953
2018-04-27,18.42465649321402,13.171396897021843,8.104579289503738,8.431482403901787
2018-04-28,18.16456608933656,13.878757289659944,8.745110429348259,7.818773818872259
2018-04-29,17.22813021281298,15.86032387180805,10.046197256788776,8.894844384483246
2018-04-30,16.22423839312744,16.905330530334812,7.993254285118429,6.8941471912963195
2018-05-01,15.056323576095346,16.129799777375425,7.341504986522855,5.097696554136679
2018-05-02,15.829264395958731,15.479936008600301,6.721755925477112,4.196002442237289
2018-05-03,15.198019922654996,16.04820251822182,6.088830161137134,4.377551209606622
2018-05-04,15.425224172417497,16.447351186693528,7.301664459359066,4.888761880889504
2018-05-05,15.101149280269361,16.263224050316754,7.4027004868303825,4.730596135671458
2018-05-06,16.104290230674923,18.200826005694054,6.527164081409765,6.631468303325407
2018-05-07,15.882676367615721,17.983215438836176,4.939473716856256,5.326754596431528
2018-05-08,16.580264172202526,17.019266336997532,6.576305741481781,5.4576602340726055
2018-05-09,16.77775041792364,17.57557824900717,6.018114033092526,4.826893806729
2018-05-10,17.793798486929127,17.031919060544745,5.074176088605466,2.8684008902465354
2018-05-11,18.04785817687269,17.87466285449294,5.050170621087253,4.202329492539322
2018-05-12,17.34404113750367,18.13429067661888,4.937951642096228,4.7868535068710605
2018-05-13,18.242020955933743,17.911809836420808,4.150076969734988,3.9149812432190503
2018-05-14,17.56953168109149,19.24699957460977,2.610042064003408,3.3863501554021136
2018-05-15,18.55128439571929,20.093819329354424,2.904926838921858,2.9930423884865602
2018-05-16,18.527158822748618,18.81091081704538,3.855800179201128,1.6215988620131954
2018-05-17,19.200289955834325,20.31735560176027,4.231148440795762,-0.19770641707693293
2018-05-18,19.541258282454542,20.76081401148019,5.647183444239419,0.3150899233248631
2018-05-19,19.56712572609864,20.488592782390317,4.745162828427319,-0.832246217679255
2018-05-20,19.9907058488244,22.024764442609396,4.924994905128387,-0.42466464652176594
2018-05-21,18.74880119822223,23.138846745888547,5.1467256257426905,1.1183844859910104
2018-05-22,18.016403794645303,23.13878295979177,4.791887211533925,0.5738244462795768
2018-05-23,18.548076217103716,24.920217337688182,5.692347972131611,1.2749378013237287
2018-05-24,19.84348843638327,24.840984886387155,5.482543706351606,3.083211419089983
2018-05-25,20.26820305523499,25.057294051802224,5.1406509412717645,2.8260572074950576
2018-05-26,21.160816198108105,24.6874496080053,5.166835572759111,2.1562354206649825
2018-05-27,21.83057838911683,22.87847511036646,4.211575623231831,2.166727160692956
2018-05-28,20.707086533110054,23.472419185290697,5.559310156544011,2.926389811493526
2018-05-29,20.06693424741933,21.99835242555023,4.873419362743127,1.9146469113004747
2018-05-30,21.0264922948347,20.99775759425657,5.411566436610871,2.782972910223685
2018-05-31,21.1181988865902,21.387318798169538,6.308786068088531,2.8367074251708426
2018-06-01,21.841424914942685,21.76362838328976,6.002695255920617,2.8998282468344554
2018-06-02,23.92196384135131,22.57389344945189,6.1332329400523165,2.768361520362583
2018-06-03,22.28242406317856,22.056237407358385,7.352410866609649,3.1826474772523143
2018-06-04,23.607688433344357,24.683034364041294,7.645286897174651,1.86025005311177
2018-06-05,25.038972802269036,25.907029240700744,7.507702644143991,3.1410903998855106
2018-06-06,24.5122161272254,25.821062179698632,6.341954700906985,5.1207569019237
2018-06-07,25.497931859742387,25.999555861894624,4.9911045282098945,4.638657985005514
2018-06-08,26.184959354983185,26.211177306788727,5.87397784023153,4.615045245822469
2018-06-09,24.892976298338613,25.660608060104693,6.310586195162713,8.06572643695782
2018-06-10,23.791705330061017,25.811451928682068,7.782984725165752,8.106385963541712
2018-06-11,23.413959135769943,25.418357904762896,8.369937274731594,7.437175853680949
2018-06-12,23.436774268996462,24.593620801778435,9.33482017070108,7.279431909864882
2018-06-13,23.481764707835495,23.693438889385035,8.826451900423077,6.514977983182605
2018-06-14,24.193627128944456,23.610561490387596,8.394512619085008,6.083546420274612
2018-06-15,23.218349767910734,24.317209622416073,8.419921684364306,6.780299422288898
2018-06-16,23.305153620020707,25.105528165689687,7.958836252809432,7.025138842464491
2018-06-17,23.309472059290087,25.402151854428194,7.541737266570049,8.789326454494118
2018-06-18,21.649985968271885,24.884506129875756,6.391534403586226,8.942860552347529
2018-06-19,20.457670491668896,24.682732917281964,6.699968292571485,8.451809851523782
2018-06-20,19.93740289780898,24.493941994504183,6.247366075763339,8.493024318880677
2018-06-21,19.56007539652972,23.767924186925843,4.982227485166219,8.504743544384224
2018-06-22,20.319839869154336,24.999503957063414,4.0205553708167425,8.046778255995996
2018-06-23,19.827177743128043,25.276265548584906,4.326648236669905,7.00179301242887
2018-06-24,19.622356483678136,25.450943641931183,3.858367899068592,6.772034271372919
2018-06-25,18.17632055441463,26.12676553929988,2.917534172557172,6.508384535885706
2018-06-26,18.842644686630024,26.389512349386997,2.37762382138184,5.8857411933324055
2018-06-27,20.00554270360319,25.812587902081532,1.8552999525910985,4.60929315586439
2018-06-28,20.057754902726675,28.14108763741425,2.509522646337768,4.248600506242629
2018-06-29,20.250815877327675,27.954260015490274,2.398298621224179,4.768978379648134
2018-06-30,19.585263788393856,28.067953845576437,1.2428296950946118,5.000287052464016
2018-07-01,19.556144633244713,28.387673887114268,1.2431804763691565,4.983614974838186
2018-07-02,20.074865834438558,26.576966086676972,2.232730185976031,5.042457194635188
2018-07-03,18.947593025972832,26.741860028758257,3.4176348854983423,4.298787029006695
2018-07-04,18.119537321843698,25.56812807121519,3.4999528043477977,2.9479651630567565
2018-07-05,18.092886136736386,24.806496153780675,5.758919820828295,3.11679506518072
2018-07-06,15.755284251131414,23.929605194735604,5.475208511807116,4.072021645033456
2018-07-07,15.347817240779788,24.95166507691335,6.772479549703196,4.037233508738191
2018-07-08,15.046754309682031,23.96568833351294,6.338053476682992,4.9959402212789925
2018-07-09,14.340413419578422,23.794719104100743,7.4732285114724615,3.6580136601168247
2018-07-10,15.06897207589675,25.637014792840866,7.6289110534808895,1.450846650177425
2018-07-11,16.74632126687631,24.671701196335352,6.317352396730507,2.8284613539302024
2018-07-12,16.430594875380045,25.365855398188256,4.831836745152211,4.543692894139335
2018-07-13,15.9746076114244,27.16937936703944,3.630255029005091,3.8555964239328477
2018-07-14,16.747228305497764,26.200446716459513,3.6372442632437707,3.634775770609653
2018-07-15,15.37043037519039,24.034858665626388,1.7692161539512743,4.436141636945771
2018-07-16,16.359914907301626,23.621682227162374,2.584477036025191,4.459553656309879
2018-07-17,15.799655677900832,22.913844297740738,1.1656312689630408,4.2915499160698545
2018-07-18,17.21451370883725,22.178964052450368,-0.026187546981819354,5.4664517557516845
2018-07-19,16.51659561817924,23.103118680581282,1.4744209211570134,5.404066525906683
2018-07-20,16.306304624559356,25.292670179642023,1.8542376668804683,4.8644485912358135
2018-07-21,16.554708082750295,27.012662676972386,1.1283385997119222,5.494450851318782
2018-07-22,16.060781436866993,27.293496371950955,2.748643441770984,5.8984241986875166
2018-07-23,16.709689561199706,28.29130408747708,2.928672403667586,6.704193552823389
2018-07-24,18.01469971553959,28.09714061728581,2.521589122577721,5.619359127238377
2018-07-25,18.512205302693683,28.069272283973216,2.4824097703607744,5.741449238484911
2018-07-26,18.972389560385196,25.987715065409894,1.7103876222773118,6.147952308354506
2018-07-27,18.882735626971733,25.123026912338002,1.0833925969763603,6.726586911163416
2018-07-28,16.382697268856315,23.49901321727376,2.0177254042712964,6.02526731332947
2018-07-29,17.127201982006856,22.29575120164777,2.337865723422153,7.054398725358109
2018-07-30,16.057177332583233,20.316956468677983,1.634664240458633,5.7509337473676005
2018-07-31,14.916183351109842,22.13518427730313,3.0174078435485683,5.2827650059935864
2018-08-01,15.212882676023307,23.59431652047401,3.0450416897203008,4.066293578203532
2018-08-02,15.571337125593798,24.008951055097658,3.0502746028459136,3.540346015572282
2018-08-03,15.605558981231896,24.185871060070887,4.127092322830633,1.937567302648015
2018-08-04,14.802808941397034,24.546410211183318,3.0529343944484535,1.309676702043987
2018-08-05,14.180799151933137,25.52123258286465,0.7091174186963518,3.129348278526047
2018-08-06,13.743964201447337,24.53923101523557,-0.0946282723086187,2.9347315406687406
2018-08-07,14.907143198406724,23.851204901965936,0.0018602193038575604,1.1975137359242125
2018-08-08,15.297544941042435,23.164860865032043,-0.4310292653095651,0.9403215722824254
2018-08-09,16.80087048583876,23.08680049696476,1.0934410706519273,-0.2649658640744865
2018-08-10,17.656022937309135,23.07298739260896,2.385732351800626,-0.3342983086392832
2018-08-11,17.48988589735333,23.56220315999208,5.116822628480444,0.010665257970637942
2018-08-12,16.89213371193741,23.09773003914766,6.1539832931427485,0.055715463508737455
2018-08-13,15.593018134591002,23.592678054401457,5.851250408249229,-0.1863319226785816
2018-08-14,15.59182569417759,23.88297155795098,5.508347189752667,0.27254349839250225
2018-08-15,15.946132017183126,25.78696301041301,5.185158676479532,-0.5567067653082626
2018-08-16,17.188401037794538,23.455039744940326,5.595585763473366,-0.7480083851432057
2018-08-17,16.154617489209507,22.100193757833317,5.789371260718793,0.8105928235297163
2018-08-18,17.66586576953779,22.308185725234225,5.154243821238717,1.3771705111039827
2018-08-19,16.893941209882225,21.847983458476598,7.426196167690337,1.4121873188341425
2018-08-20,15.616876960299889,21.28040050549635,7.301554080542233,1.7560135255579767
2018-08-21,14.71503591770877,20.415285127998143,5.9754604516474465,1.678851544253326
2018-08-22,13.94977213237087,19.34524347303253,5.057915459920855,2.0818295644122613
2018-08-23,13.62918054204133,19.68899048327766,4.941357480706075,0.8078152930599078
2018-08-24,14.488201866382791,19.11079378014732,5.58762937986513,-0.10095802371999218
2018-08-25,13.659397093576144,18.942281795416175,2.934157934642213,0.8341718525893854
2018-08-26,12.46906541420893,19.10066293292109,3.928872525822142,-0.6852204013025646
2018-08-27,12.00100830745661,19.21040835099702,4.0148659742042305,-0.8844527375455248
2018-08-28,12.736244098996238,18.91830189630294,4.134846281428607,-1.5909631547642702
2018-08-29,10.04145329333852,17.82510176549994,4.121439804497152,-1.6858039516329777
2018-08-30,7.66338656419483,17.227679199451764,5.378605973320733,-0.888092800559368
2018-08-31,8.381161913448445,17.191476215721444,6.541026882585958,-0.12635680518947756
2018-09-01,8.717762644761425,17.660657966028026,6.938251774250491,1.3398162472785655
2018-09-02,8.89652017571528,17.72458415620784,6.59007576499169,1.6562535162493472
2018-09-03,7.7337959550317645,17.213098023138556,6.581657180373213,0.8890785501891136
2018-09-04,6.74406654454799,16.12027302862788,5.504602079043898,0.7557068057538487
2018-09-05,5.776366551980062,15.342269451612456,4.229377234855063,0.6662246332943554
2018-09-06,6.099827323125844,15.936036517525778,5.814786721397821,1.2748153915720137
2018-09-07,6.5764963614775915,13.520956712706221,5.37198542351195,1.33411289249685
2018-09-08,7.352158144506531,13.414579796592237,5.149259547501761,0.41133579378364404
2018-09-09,6.752575188827285,14.633794999605776,4.037450692882942,1.6146385093397604
2018-09-10,5.406175843259549,16.774918384048902,4.17733348783046,0.4337490612676729
2018-09-11,7.062723244611272,16.28885592446831,4.391583668288672,-0.8578683748456732
2018-09-12,7.396113935833178,15.872145632665255,3.4098913246419706,0.1092083261906075
2018-09-13,6.817222744033428,15.728899290329425,2.4866306547091206,-0.39683439394920705
2018-09-14,6.8561182295232985,15.115061018200633,2.3721600994924015,0.00815211328505383
2018-09-15,6.838804395784094,16.1134068989098,1.4722573721197074,0.9785542936021956
2018-09-16,7.4037206765654915,16.904185231665537,2.0785887018586173,0.8787392725289261
2018-09-17,9.666707774129776,15.71302834545561,4.452988347358183,1.4381292680279412
2018-09-18,8.942997973863354,15.009638458301186,5.221939618908824,1.8557050849268566
2018-09-19,8.58232625749515,15.891909368382905,5.23293180800594,2.55323277686481
2018-09-20,8.91310502404772,15.31820905131939,3.098026658393589,3.4270541157643724
2018-09-21,11.198116756571961,17.432151785240123,3.142344850554992,1.2292352270085352
2018-09-22,12.164898298462564,18.896219873987665,1.3775065964155986,1.6073689230085781
2018-09-23,12.150691615161726,19.313389594365677,1.5957403427424448,1.8461591309103769
2018-09-24,11.442729777870476,21.407363167192464,0.884848687440567,1.5279466401606752
2018-09-25,11.057611876001326,21.029357427580223,0.6311083136049294,1.7190358774433885
2018-09-26,11.232429807984778,19.455566963188627,0.7246244936133421,2.611877488675278
2018-09-27,10.472459402160966,21.459451933990337,1.2557219590171975,1.938309555149635
2018-09-28,9.840127423496495,19.38700664999724,0.6728987358650156,2.558973169290592
2018-09-29,10.144450245567867,19.295432082720865,0.10533980566319923,2.8948506400706977
2018-09-30,9.94522376933499,20.15558741525731,-0.44528299993896736,4.1959716354700864
2018-10-01,9.326255096947088,19.28532593668077,-1.4090930952024192,3.999034949150899
2018-10-02,9.348417086653022,18.951505685413256,-2.186826955558531,4.192913808176609
2018-10-03,8.858055603630744,17.03756745081406,-0.9005754765722231,3.708414366081542
2018-10-04,7.6724897908323815,17.15180097363705,-0.015785466040928675,3.564100852387301
2018-10-05,8.143111235000964,16.308639528045966,-0.9611953999470374,3.6303315764986475
2018-10-06,7.1214338317004025,15.120262854011996,-1.9207533261837515,4.2990020109837825
2018-10-07,8.764062459012269,15.124002786536517,-2.256143573298772,2.0488259790986096
2018-10-08,10.076360346509059,15.317360157806954,-1.8792516845793448,3.518483825636425
2018-10-09,9.645427466279973,15.90112006659778,-5.2105123405808005,3.081585653363004
2018-10-10,9.465583093695603,15.068476023120166,-4.332629069445608,5.138090701882892
2018-10-11,10.45254879476392,14.865548409202288,-4.948265932092268,4.272749856751284
2018-10-12,10.883377380694881,15.835526070908905,-3.5164491650657457,3.1464723216598083
2018-10-13,10.848962202978989,17.284612675553447,-1.6058639509076236,3.5731451012765576
2018-10-14,10.206484551422864,16.188547766635303,0.46515825521260945,3.5869366521780255
2018-10-15,9.909849200639677,17.087092153382393,1.6956747701552262,4.608480838051521
2018-10-16,8.862976900787267,16.274608571778227,-0.10805262785926395,4.627017043268327
2018-10-17,8.403160170101664,16.355188789372,0.4090764321043455,4.092806926343517
2018-10-18,7.997148671162491,15.711657744194698,-1.0193115304471507,3.613231494464352
2018-10-19,5.901812518961231,15.241302395471175,-1.666141165068769,4.936216208741607
2018-10-20,3.779021354291063,16.38735928990409,-2.816372217082101,5.481345199180363
2018-10-21,3.700161402695226,18.154382656147092,-2.443677963457005,6.761068877293733
2018-10-22,4.395658363421091,18.71447882887803,-2.402721154010037,5.827008374210784
2018-10-23,4.992527587647912,19.875595424539327,-2.7506546677877495,5.810462937537777
2018-10-24,5.051383434501358,19.85246315914702,-3.513131565230375,6.315565596836744
2018-10-25,4.335640409653855,20.836909741702566,-3.8998639437324774,6.225646447937055
2018-10-26,5.696873168229528,21.058111725279907,-2.733274334386575,5.88368365107572
2018-10-27,6.723281476321972,20.703323989302877,-1.1251790896954907,5.731543937549406
2018-10-28,6.474066564141794,19.488229953216788,-0.469270700281447,4.527238308287673
2018-10-29,7.431472880895545,19.96586646644532,-0.19134960322235317,4.076575408746552
2018-10-30,7.504718673527403,21.248183073300762,-0.20322177285771073,4.614070513232428
2018-10-31,7.390906336291304,20.639809635546186,0.6062121730042763,5.146107389740759
2018-11-01,9.038100463725446,21.283524372140725,-1.7700097558184122,5.576839469226073
2018-11-02,8.89898611250139,19.933894342747053,-0.796225293483037,5.20395386000399
2018-11-03,7.46324722281202,19.882928773712724,-1.178161631928532,5.281513612335524
2018-11-04,6.704601675250373,18.935859150905532,-2.797635606992185,5.4919332734333395
2018-11-05,7.544877656925848,15.536133254315569,-2.8189304501814134,6.490506463284247
2018-11-06,8.2878506080071,16.348745356574565,-1.4115859582808674,6.13363271020714
2018-11-07,9.308420884027466,16.22270909440377,-1.9426068118814288,6.0742701984245775
2018-11-08,10.100549719093468,16.40772447178977,-2.5149752301709833,5.992088633329842
2018-11-09,11.962163433905886,17.22219114583145,-4.156804165631872,5.323759974990879
2018-11-10,12.67588498451483,18.01812385999754,-2.6671700051938148,4.9311365846681285
2018-11-11,12.805303694634441,18.174930749600488,-3.1697502858910838,4.924043296366948
2018-11-12,13.926596033824865,18.664673416942954,-1.3662582851821232,5.0360504159079555
2018-11-13,13.447391566239462,17.25777779123188,-1.552814334795873,6.367565312824773
2018-11-14,12.511566300134477,16.46769431966835,-2.024441020038664,4.975072962870845
2018-11-15,11.95447312054068,18.705374679872527,-1.1849145754914379,5.388507790878688
2018-11-16,13.560790139630807,17.721618208784715,0.5690727644983862,5.523810878773495
2018-11-17,13.593369541004327,18.765689727061307,-0.09336250983668404,7.357500355179089
2018-11-18,14.757219042432887,19.460870745709467,-0.7873793762814676,6.460708139670185
2018-11-19,14.67291219680841,21.38815868437677,-0.36262157624633223,8.441599755524866
2018-11-20,14.268284846723029,21.88289626054333,0.6089247905474449,7.875098994728672
2018-11-21,14.934680000775238,23.111924089563818,2.0690488678056997,7.04743881976042
2018-11-22,14.859860196800238,23.390432727222716,3.075473439189465,6.738180059337283
2018-11-23,14.084693631033488,23.834216929367667,5.022874989598054,6.260416071533303
2018-11-24,15.797979450202439,24.22038117712789,5.8621371633432595,4.742212243715183
2018-11-25,16.16557178610648,23.33671353721507,7.691647971239203,6.3692242550402565
2018-11-26,16.66686519688575,23.675561159056578,8.501606375714346,7.613259587859918
2018-11-27,15.332842612834668,24.019282850099728,8.651142295437625,6.219427541419632
2018-11-28,14.15522084777183,23.80596534937053,6.495173726535921,4.567204495690664
2018-11-29,13.118945348258306,25.699146738556284,7.005266838596208,4.785146076359502
2018-11-30,13.34380860833699,23.967653564113434,6.335715650405649,5.3644620395196405
2018-12-01,13.021879591160852,23.493706079308122,8.492705110211334,5.444534825545039
2018-12-02,14.413808595536445,23.391212690736022,7.462764487143662,5.352498245044985
2018-12-03,12.809341300552433,21.009374976632145,7.7066638592637435,4.548543080816924
2018-12-04,13.26967554078538,20.379221014417393,7.552589353968594,6.10753269232537
2018-12-05,13.461245416930424,20.870804272598154,8.714830261409343,5.529552874805816
2018-12-06,13.153501548188252,19.926470154413693,10.305901261015999,5.269678974025052
2018-12-07,14.947959179842798,20.79670433058669,8.589078980603409,5.587100842580423
2018-12-08,14.79098656638239,20.347029475632823,8.805865724279101,5.419541400718693
2018-12-09,14.140763226726783,22.022498586202556,9.096313087642057,5.969591968158206
2018-12-10,14.083579467203565,23.41972955189944,9.007300104876807,5.733150420826854
2018-12-11,14.194916395734356,23.668843328958634,8.977621284755589,5.592356744527277
2018-12-12,14.282636939791047,23.84284924993118,9.931183642380068,5.781569834308221
2018-12-13,13.096005506263939,23.355985065775318,10.654423618938628,4.07727353458765
2018-12-14,14.742371947808607,22.66391897166917,11.255474724085177,4.926759820348316
2018-12-15,12.84610755280417,21.988176441032024,10.692325830678358,4.67011510348094
2018-12-16,13.806243359961583,22.322930212341902,10.41194381897413,3.8505227672311486
2018-12-17,14.798733535740851,22.415336469126878,8.915320879244938,3.472036033067481
2018-12-18,14.263988057397423,22.837330197704663,9.710232763893405,2.85761860944695
2018-12-19,12.929064884948302,23.811627664024112,8.874126280395103,2.4745866439182027
2018-12-20,13.29973095720114,24.595106199998362,9.42947199932933,1.9740805845787057
2018-12-21,13.599556821471129,25.510300754502754,7.629163970875112,2.3284631416658286
2018-12-22,12.8023576008591,27.140293080499255,8.196653030377673,3.4047232112470374
2018-12-23,13.889003365806367,26.745183354063514,9.223116909769479,3.167351685171109
2018-12-24,12.319293556372104,24.044444927487856,7.47435280944332,4.36853047535401
2018-12-25,12.580577301420938,23.050112972630075,6.101174781782684,5.393044652968371
2018-12-26,14.872254261808216,23.622532483553655,7.703484290857986,5.992715263743106
2018-12-27,15.355544414108937,23.529399505059963,8.282623789219658,3.5523014158096906
2018-12-28,16.27574107729492,25.585802078380542,8.375199649384442,3.1019134206880024
2018-12-29,18.54186234767092,24.49696425193326,7.056674056770364,2.8232054585485953
2018-12-30,18.296552529864073,24.930135356738628,4.6960718353561886,3.9240865725530854
2018-12-31,18.918997931862382,25.300280260759248,5.085683968029213,4.270165730925698
2019-01-01,17.774499700875094,24.20249484024591,6.089919931165874,3.172161933591081
2019-01-02,19.013438659623873,24.07693303214838,5.187689122671914,4.641014874574234
2019-01-03,19.156747215684398,24.33548829384255,4.230212151601802,2.844748312354729
2019-01-04,18.54478413173564,24.26462397897005,3.8779915293636495,4.208996952786007
2019-01-05,19.39331719643115,24.66804065817223,4.230663879907151,3.9031359342108782
2019-01-06,18.52502943508194,24.277596066166325,4.577724261241793,4.556759112516891
2019-01-07,19.191228353741437,22.94484847541102,4.8943988601587805,3.6871185081345397
2019-01-08,17.93853318257465,24.452971341641998,6.076700724148132,3.220347264274359
2019-01-09,17.245343305373662,23.65627454475433,5.122597132362935,3.706772439985673
2019-01-10,17.369427020558177,21.70067754179739,7.0430224832258475,2.096369636322086
2019-01-11,14.982468844463053,22.34921381290985,6.595879379937467,3.26817239841913
2019-01-12,14.299394597351803,23.292703508106033,5.491466393068896,1.4706846296061027
2019-01-13,15.414731733774381,24.469133593303745,6.527297052686734,1.3566100566624897
2019-01-14,14.920712881939794,24.08982869387085,6.170464627991314,1.8212791147702412
2019-01-15,15.462866311791064,23.472081979805974,6.161662016781176,0.5586746968585692
2019-01-16,15.541545608020744,22.473030349448187,7.099661466666554,1.509785783473298
2019-01-17,16.652937026453564,22.933455228160888,6.92956867757592,2.1702726017586
2019-01-18,16.760320593114816,25.24117079371566,7.475727861698157,3.409730447522407
2019-01-19,17.07034195324487,24.95259977894202,7.584942633054277,1.6312058945026089
2019-01-20,18.33564660825868,23.891004377063776,7.796829525726849,2.403723534997274
2019-01-21,17.12822845574887,23.224293048875847,6.5409140465508315,3.377441321728474
2019-01-22,18.41378277955151,23.782327329914803,6.389826725250703,4.094938690559086
2019-01-23,19.1913136560905,24.352165731174203,6.230947239090727,2.751887158612779
2019-01-24,19.299848566243227,23.797913130066,8.818111503037542,1.5959391521834605
2019-01-25,18.22239317547039,23.91795577050503,10.073470675717555,1.4166079648901881
2019-01-26,17.61743566332526,23.258029519138823,10.473848249752702,-0.42233665428756995
2019-01-27,17.225387057140093,22.925794531938774,12.776546827829815,-0.03056848716182864
2019-01-28,18.315308941315735,22.36128829924561,12.764645993084892,0.2281847572144437
2019-01-29,17.30594709471705,22.570735657040238,12.37756012614605,-0.041841072847505933
2019-01-30,18.57677449243661,23.370874856069637,11.234266066392339,-0.4217441383731081
2019-01-31,18.003303232875734,24.13032904746602,12.056253567102365,-1.7629684787995998
2019-02-01,18.41277413953862,23.879920341327296,11.250065307100877,-2.8649328427797194
2019-02-02,17.982886376296943,24.618832465676817,10.438637018479586,-3.1093815992509843
2019-02-03,17.955577896199415,25.972838869856638,10.289955511716963,-4.852104546783991
2019-02-04,18.42585268094381,24.281314774022178,9.930625387993093,-6.474350476114205
2019-02-05,19.027937211184874,24.05783716079647,9.418445899028317,-5.46208940848672
2019-02-06,19.183997591398697,22.634214780390757,8.266253453555104,-5.702395235542089
2019-02-07,18.715377080173628,22.908831249370493,7.289462694161478,-6.859769563208027
2019-02-08,18.561945374794412,21.059372621703893,6.81452172916442,-7.497028575421391
2019-02-09,18.552247009943216,20.900029137523866,8.381774095122898,-8.689359756634987
2019-02-10,18.39081675858158,20.718688641386876,8.562307778910222,-9.31011293401777
2019-02-11,18.620454052952656,21.53766797486633,9.044649963038655,-9.346971524371558
2019-02-12,17.340818424845715,20.016561236929174,9.506596143831606,-7.546822826786021
2019-02-13,17.34361471429681,20.022187083535957,10.546866822847896,-6.906512158276305
2019-02-14,16.889069049316944,19.104508453839856,10.736089782929165,-5.446402680213346
2019-02-15,16.897587447701945,19.979005197309313,10.69596516469051,-5.2558951087223065
2019-02-16,15.791483238835879,20.014306910206695,10.445321292403916,-5.653678254363953
2019-02-17,16.442919293652928,19.724590047563332,8.72321459654403,-3.9620723876370914
2019-02-18,14.943483544775422,20.02655785466575,7.783946815334325,-3.4934626376374593
2019-02-19,14.537070479220459,20.29582365832868,7.83657410870088,-3.6627324299972512
2019-02-20,15.050947750188078,20.076149612734344,7.670511572710175,-3.246101930026442
2019-02-21,15.667162015705722,19.56916728530648,6.466985200926076,-3.9821537616171607
2019-02-22,17.23133496925295,19.95786491093742,7.266142321128932,-2.163448052737576
2019-02-23,17.469962838369362,19.656004442710156,6.4121795375919195,-2.3294778542484735
2019-02-24,17.99215642681969,18.118593180442733,6.673029639739662,-3.1973466502102057
2019-02-25,15.84157836026386,16.880397686524102,5.387595518453555,-2.003272423530153
2019-02-26,16.590255091050338,16.600517850093528,5.660451462690273,-2.451898142547285
2019-02-27,16.840745051730043,16.510224181153966,4.925367322914248,-2.135695698273646
2019-02-28,16.3336209093862,17.041600173883435,5.928191335476385,-2.626798044380946
2019-03-01,16.912806615925344,15.96606017855101,7.777548847795766,-1.3755761251540557
2019-03-02,17.51802936154713,17.626108208845068,8.109982965546001,-1.438013187301077
2019-03-03,17.160789506629992,17.43619022519413,7.74683659315154,-2.240171408685164
2019-03-04,15.697908817076863,17.224754608831084,7.214821251389384,-1.2121206977985
2019-03-05,14.62195321450718,17.013080255679377,7.733251894450511,0.1430741556336994
2019-03-06,14.691461257538949,14.824423412571322,7.324444451643167,0.19090231690587853
2019-03-07,13.51463915044037,15.704854565613859,8.703865788967395,0.06897250575553382
2019-03-08,13.33360277821082,15.124190989526545,9.24188192836634,0.9268428093196047
2019-03-09,14.546384821490632,14.051377511006931,9.778207205725762,2.743887789975155
2019-03-10,13.240764013124878,14.987136875504605,9.022944346121578,3.1368430601110644
2019-03-11,14.70405893879921,14.212482652838117,8.359743662198685,0.964545602225332
2019-03-12,13.895527399755862,13.311709662661535,7.477028598138418,1.2986620113388743
2019-03-13,13.861604480535368,11.284211613850333,7.718537089170498,0.6615962362120104
2019-03-14,14.24483291322012,12.645927462853749,7.355447851706064,-0.6120042948659877
2019-03-15,11.90668245315124,14.478252089193228,8.223105319436538,-0.9653723039865552
2019-03-16,13.448398083225445,14.12190851041785,7.687063045749152,-0.36603551317758987
2019-03-17,12.206488176487918,13.822429190106213,8.561118241708222,0.9853444766759341
2019-03-18,10.098730516876463,12.89605152398905,11.449194720898019,2.3054985164548283
2019-03-19,10.506701070961608,13.246909455845431,12.80826325490185,4.44029990558267
2019-03-20,9.885544340405039,12.256188301492875,14.018033937540807,2.9306097275540663
2019-03-21,10.500902381877058,12.416819512612326,13.584392320735555,1.8965980363942576
2019-03-22,11.049837348681523,12.346356947516258,14.515104433569006,3.264487929143806
2019-03-23,10.833511666834536,11.511960505864282,14.628830809939455,5.232641241110126
2019-03-24,11.34723118625988,11.33161269478252,12.665511308986888,6.252254871729821
2019-03-25,11.297647048176845,10.81354546473186,12.045533872824807,7.61643992961522
2019-03-26,10.809093121821807,11.893442055247654,11.161662608734554,8.242348568069835
2019-03-27,12.186928783052203,11.695453889991022,10.141951113081431,9.503288335040834
2019-03-28,13.622913948193668,12.084777066232839,9.207691315457796,9.637836731656455
2019-03-29,12.576866395426888,12.045005470853388,9.480145364275309,10.692212372792856
2019-03-30,11.595357283535998,12.209022154670636,9.450715558315025,10.13144632381375
2019-03-31,9.869520130284673,10.871534086231703,7.582865581716684,8.931088305599038
2019-04-01,10.69563012562363,11.845909552816043,8.098368180905345,8.957782369186814
2019-04-02,9.762456731374463,11.671628915971569,7.234409357806176,9.332841629889321
2019-04-03,6.511689419651461,11.713477298892673,7.948285825499326,8.886059322499671
2019-04-04,5.540851959281032,12.390427110642019,8.679631784318442,6.57472747165308
2019-04-05,6.721731044874556,13.913657188429637,7.103642559019804,6.217035953687207
2019-04-06,7.860903828429324,13.420132599161535,7.092328523809591,7.6089467320231945
2019-04-07,9.319219625676078,12.012315677266365,7.3696763763738415,6.232708171387201
2019-04-08,8.204490044470875,9.473906163437732,6.8287879000803775,4.753201345186609
2019-04-09,8.151915152518573,9.44781403745801,5.69728394947872,5.077248366449685
2019-04-10,9.543396508060983,8.306356214537727,6.652963323123343,6.129922466809816
2019-04-11,9.10961156093722,8.476099836550205,6.771483728011173,7.194466397895042
2019-04-12,9.281289859325017,7.8827547167231025,5.407251859696642,8.419296300439585
2019-04-13,11.658004366989978,9.205435341498605,6.11113377788015,9.043057586250308
2019-04-14,10.763541074291947,7.9603028242493865,7.348921454404462,10.193806885302834
2019-04-15,10.759680600610025,8.41326963733885,6.32826025522864,10.893889925579446
2019-04-16,9.761116185188481,9.313307653376505,3.7593194468760633,11.49156139878465
2019-04-17,9.236909301113798,8.213647967444343,2.9915934695174147,10.746998733331523
2019-04-18,8.307457829987614,8.381832066973566,3.9306176912878517,10.496000133809689
2019-04-19,7.4340979190912835,7.613594708608802,4.792062446514506,10.29729829304476
2019-04-20,6.09914969047139,7.489885974047246,5.087583661965984,8.97132242569835
2019-04-21,4.64965262675676,7.447988203010601,4.87748474146186,9.834305389517905
2019-04-22,4.139058932809905,7.650077944454585,5.95419703009572,9.11823170798227
2019-04-23,4.166680200157957,7.889348968125354,4.777064320361726,7.210555802030077
2019-04-24,4.137432990252232,7.220268834300709,3.217043637029833,7.563103358200056
2019-04-25,5.752160285707548,5.9580992698598045,1.0556696955831923,7.845975711298916
2019-04-26,4.974605220898013,4.893560304556132,1.0882090046902726,8.44024492710743
2019-04-27,5.084273706184549,5.738220511164648,2.137044402196925,7.547475722442172
2019-04-28,5.519630124989004,6.425549892779686,3.8849452176961243,7.894256022208182
2019-04-29,5.087405127275645,6.084774794431805,2.260658796559925,7.695212114691599
2019-04-30,3.3876407731956673,6.9383417821215545,4.420246825605697,7.577581061249423
2019-05-01,4.85212852762072,8.018220864623528,4.261697666858663,7.359698449812323
2019-05-02,4.035778678551284,8.240061615129225,3.6857124980482965,6.7382022139905215
2019-05-03,3.707526089379755,8.808951530499577,5.616185475258526,5.691858650605467
2019-05-04,3.537530716324373,9.14493200472482,4.98945795716331,5.698513827620934
2019-05-05,2.8838688752376367,9.667392969606063,2.865119511038937,8.001525302882712
2019-05-06,3.516105305229876,9.48069613575959,1.9966767781620445,6.990430472880963
2019-05-07,3.1308621290547656,9.187515426406772,1.8784755619865119,6.595231276554287
2019-05-08,2.9987559977673657,8.943744889311766,1.5135929236215484,6.279749418647777
2019-05-09,3.0460205085742196,9.420897301014096,-0.31396273710396283,6.5540973621537955
2019-05-10,2.2891620807464985,8.314313843684523,-1.4284104227716696,8.044884066694394
2019-05-11,2.7113889094232446,8.269895728952363,-1.0620663501019085,7.0243697596391765
2019-05-12,2.849609466989868,6.708631461693575,-1.1857972628583733,6.592019225495128
2019-05-13,2.255666036046973,6.899587899689001,-1.5511757564822615,7.043186777758428
2019-05-14,1.8910224900222965,6.45877033959355,-0.8905704902219299,7.529029381808651
2019-05-15,0.6625979095256465,6.609536576786485,-0.7768592956396994,7.686319126423601
2019-05-16,0.8354899987865113,6.632886534240052,-1.1239775169373818,9.271484184802796
2019-05-17,1.2014644740305935,8.081859966548341,-1.6304139882213668,10.883465457282043
2019-05-18,-0.5840306975520846,7.240094851987311,-1.2743423306528383,10.994349132790186
2019-05-19,-0.5127800437788961,6.684677698787523,0.37471648675005764,12.099842985794174
2019-05-20,0.08810440212069681,6.672595072968786,1.286682777610337,11.79432428249852
2019-05-21,0.6977563315864055,7.348067478829272,0.4352939046436849,10.758317062301012
2019-05-22,0.014200907170066501,7.208563857471656,0.7526265142672528,9.22307873853035
2019-05-23,-0.23442604335385478,7.971186835843568,0.9475845746916539,9.134284465236375
2019-05-24,0.27184102632954354,6.001724426653029,1.1869804696447914,10.560931985460034
2019-05-25,1.90445363935279,6.3941228291458305,1.2667300912941653,10.174674683787762
2019-05-26,2.7340286378778726,8.281489984898466,0.34604789416100523,10.077147882722548
2019-05-27,3.2705928914138163,7.471267591725063,0.02688368847647865,8.816503890080178
2019-05-28,2.9711392638966814,7.074350593504545,0.6017889158386895,7.944680787721862
2019-05-29,2.661404991439876,5.514477939556395,1.9571571290250853,7.292506026149554
2019-05-30,2.3369403755403404,4.255928314413147,1.4530832021216025,6.590859294723429
2019-05-31,2.2502899946394876,2.1767680256528985,2.9484624299984112,6.669496100030162
2019-06-01,3.187696271364893,3.499266991948007,2.855333056802233,7.249948447679819
2019-06-02,3.8530395970124562,3.6184710185568254,2.939975061622076,8.186145119530046
2019-06-03,5.264471484687795,2.761889820742466,2.4490704919307973,8.155400418029004
2019-06-04,6.256852597410331,2.9169566820719854,2.83158826849841,8.398776587163288
2019-06-05,6.556356622315315,2.460044210614485,2.680958826052967,9.427370583905116
2019-06-06,6.2751346186354455,3.043867882608102,2.3399031887749153,8.686276339422497
2019-06-07,6.865196856357026,2.6792823132833523,3.5462077824280684,7.983821439931496
2019-06-08,7.108316994363397,2.5173882678359223,3.3075216629731234,9.846688024507031
2019-06-09,5.745004583696842,3.2895442962132035,2.918885273873713,8.276553968574746
2019-06-10,6.117997083709911,1.7125256758211593,2.2882725408765094,9.744544153223638
2019-06-11,4.60564934969922,0.04254347669264069,5.378989311541352,10.467324427479308
2019-06-12,4.833193824645355,0.0485076878096851,6.162747182145365,8.882782403135387
2019-06-13,5.031551465571341,1.3890007709474232,6.839158109505631,10.356983740008367
2019-06-14,4.932292507373392,0.9497100554451785,9.230813130311041,9.853225817753986
2019-06-15,4.284603356454518,-0.16858056954442535,8.46694657175543,9.992243510043224
2019-06-16,5.424919697939426,-0.788824756384185,6.091079599146821,11.399096719759251
2019-06-17,4.03404951160432,0.4240919408113082,5.935996354718293,10.22231681532953
2019-06-18,3.9688037851088436,1.5975304087538766,6.372225831547151,8.789613276082058
2019-06-19,3.086402018467084,0.6993749458764482,5.618488470729565,10.040061127301515
2019-06-20,0.6880045529260732,0.4751938979354663,6.8825319005231265,10.31642031391735
2019-06-21,1.2023239251991624,1.1474044740619767,7.581178980339978,12.73608284380266
2019-06-22,1.578150865561674,2.81179114556467,8.938718645461284,12.349310265089121
2019-06-23,1.5749866731839346,2.9999521003524436,8.091562539819863,12.127193487496722
2019-06-24,2.265800642077795,2.301801471314082,8.099781604554007,12.409610695996498
2019-06-25,3.296307816136708,2.1327756200159884,8.811195204676725,11.528967566548461
2019-06-26,3.0772511795497737,1.5116965515232716,9.47875199133391,11.088559230582474
2019-06-27,3.0817950414930038,0.949764314766214,7.676620813436921,13.016641030355776
2019-06-28,3.7079573401180674,1.6619569101233465,7.755256951690251,14.027098265279399
2019-06-29,4.472832640084578,3.071549525844553,8.550391703283392,13.335131870049933
2019-06-30,5.978112919820863,0.6840170981402887,9.954569526226848,13.009910141781244
2019-07-01,5.488847662121356,0.15562067423132675,10.319709994208251,12.99067787634512
2019-07-02,6.278379110070297,0.01171751375158131,11.70189238817646,12.940534698152396
2019-07-03,6.961262435239965,-0.4434668948803179,10.802715042955732,12.800955732852934
2019-07-04,6.7444916844084375,-0.6977883490587597,9.715763933128835,12.873618026162214
2019-07-05,8.846386951550336,-0.43783728285789997,9.648599077868706,13.26897562202224
2019-07-06,8.678512293882374,-2.1024701693434773,8.239133896944926,11.889144511083556
2019-07-07,10.151183922042748,-3.398859606347667,9.179607531442283,12.295966992027925
2019-07-08,11.761699690371804,-2.2649811308730134,10.07580802704799,11.132440617622464
2019-07-09,10.043682361465581,-0.7049339620544122,9.890730960462312,11.086869392257672
2019-07-10,10.615785713957518,-1.6892221031087407,10.065769531249728,10.547884750303561
2019-07-11,8.951886968320581,-1.7208629061725533,11.423631121867325,9.750021790915335
2019-07-12,7.81422635481061,-2.658264569208533,9.725432519744498,9.925132912639585
2019-07-13,6.378507795803324,-2.698515562839798,9.360674027760709,9.921748766854412
2019-07-14,4.799427242539408,-3.6834429577048664,9.1605364468212,10.053027530428242
2019-07-15,5.942569218441272,-3.1317558589102976,8.31462720931345,9.919551047479073
2019-07-16,7.106409602750387,-2.6227434226205846,9.458385117255494,9.907153064458562
2019-07-17,8.003824250364845,-2.2419492697356307,9.634148123828295,9.029379681977503
2019-07-18,8.202529703009157,-3.4240392195702456,8.458967900174292,9.048335418562177
2019-07-19,7.720883831220742,-3.7925802641462685,7.888048744337988,9.165083622112792
2019-07-20,7.041381188061951,-5.501619174012405,8.10642039705221,8.907481916765548
2019-07-21,7.446359281375464,-5.423258930339709,8.442906257076269,9.317055728917282
2019-07-22,6.081515906234264,-5.955175608404531,7.979165091560873,8.777437915814962
2019-07-23,5.59796236572825,-6.0293081000917725,8.652804961095974,9.884199749123209
2019-07-24,5.593089992915136,-6.320269091312398,8.316240697777818,9.313520770216433
2019-07-25,6.3143137370736255,-6.542426157605796,7.313198063478497,7.766926049147711
2019-07-26,5.54415778483506,-5.388252933724164,7.617864173918412,7.842633928805724
2019-07-27,5.416455324803501,-4.631464770933694,7.380561610748816,7.040752424941187
2019-07-28,6.1448186735549495,-3.9131497319209188,6.636457328665861,6.843122991408716
2019-07-29,5.2205982611297665,-3.0241763555089753,9.101205839368141,6.865234858128767
2019-07-30,6.313939203752658,-3.498464981333486,8.57105389240802,5.855008356753133
2019-07-31,5.890576903945171,-3.3692610859138035,9.948185133384507,5.800612872306914
2019-08-01,5.698951174734777,-3.018132146146837,10.596311719261578,6.660814543269166
2019-08-02,6.005389353972047,-3.394437148414871,10.564454804130827,6.966019473172533
2019-08-03,6.714074150073922,-2.2796555076692906,11.257343764862682,6.245462000508282
2019-08-04,7.42288331259318,-3.587140857504914,9.35898214073941,5.264632943488702
2019-08-05,7.098033834439024,-4.597158718497508,8.482496513837626,5.14303534091821
2019-08-06,4.3708117956073425,-5.004992916169231,8.0055390587517,5.202838288272313
2019-08-07,4.357465442832605,-4.074207989476292,6.3605413803753414,5.842271650097216
2019-08-08,4.173624004941898,-4.018204732936176,7.546100340741638,4.898692930467204
2019-08-09,5.652032212320181,-5.230838584113721,8.404204114091833,4.153610507431337
2019-08-10,5.62803043128818,-4.808442759032962,7.855154888131125,2.584279971067536
2019-08-11,4.352534266124383,-2.7493786999995415,6.73555184651489,3.498422652570937
2019-08-12,4.595483963234424,-3.217847239760118,6.760760597480992,1.9160967458730847
2019-08-13,4.051979172182142,-3.6857740221968216,6.557390062998697,0.8357228457160937
2019-08-14,3.503224205802029,-2.51656210285869,7.813842033531852,0.37885554887748946
2019-08-15,5.184842589848023,-1.1695066800291165,7.08022012324107,-1.8708278002243315
2019-08-16,4.171769043585191,-1.305171109815226,6.493181351273325,-1.8181002051491202
2019-08-17,4.046373083618141,-2.0937884276314964,5.758641397641922,-1.0836633280351775
2019-08-18,4.242002179587508,-2.4066130570731765,6.128181272988634,-1.662441475164424
2019-08-19,5.146020500406424,-2.6942284160121264,4.931394885463698,-1.4043939013257165
2019-08-20,5.606490325534809,-2.0890321304464115,4.801518588855651,-0.8802279951010592
2019-08-21,6.753484689940011,-3.206876989688356,3.9334584882330565,-0.37679854544837943
2019-08-22,6.617128303572462,-3.88796521561713,4.918207395622325,0.1825442849382617
2019-08-23,5.029593055289087,-3.6278252311504606,6.615577852151815,0.7100556168465216
2019-08-24,3.542360840560162,-4.108191254744537,5.334189371878126,-0.8687347318594846
2019-08-25,4.54210250188914,-4.776447126631025,3.5848357739643006,0.7716449766344574
2019-08-26,5.269696687227113,-3.3557353095866596,3.7912332947047087,0.40746885719697873
2019-08-27,4.811469488498653,-3.953061123170891,3.139930378920269,0.837094631684727
2019-08-28,6.326918711166224,-4.02099338751987,1.315539917701436,1.2365193973417827
2019-08-29,5.000376168770399,-3.172967891719483,1.3960679269044278,1.56788727850025
2019-08-30,6.296173223851705,-3.415650127657427,0.15941115631999714,1.612593588231925
2019-08-31,6.245467989184928,-3.9997121076684246,0.44612768319945534,0.7454510028311692
2019-09-01,4.507092231665517,-4.384546621262702,0.05478637525301061,0.6574662369770994
2019-09-02,5.5098040804884745,-5.070835737641443,1.1412649351612374,0.3189282222793557
2019-09-03,4.091102309839477,-4.801594038491965,1.9210351870481148,0.8823117265101158
2019-09-04,3.6376998923081856,-4.827453632878619,3.9580308919707026,0.75543022881931
2019-09-05,4.270868387099271,-6.308072237266966,4.781876088922168,0.4798660846855635
2019-09-06,3.6725813234985596,-6.650012338962164,5.783932096488736,0.0825217531044346
2019-09-07,3.5544840416987538,-8.781984637665657,4.5695436841641435,0.5643296777814568
2019-09-08,3.3553044444269897,-9.402160202343957,6.813912951126074,-1.3964297037181894
2019-09-09,4.281907608981843,-10.168162144698483,7.392572021059459,-0.8666728763478806
2019-09-10,1.826667455660838,-10.803063850226955,6.362054570179654,-1.1094887895980448
2019-09-11,1.0072811687466494,-10.92270138507319,6.778529389408918,0.18260412777693746
2019-09-12,0.8819773157435603,-10.570971638528835,6.860891080699525,0.3809213528969989
2019-09-13,0.5874892529762537,-10.129103831208498,8.396376383327128,0.38736674141993727
2019-09-14,-0.06409428479664603,-11.244792429989518,8.063794802277373,-1.4241006377011975
2019-09-15,-0.281354467752411,-11.617434053288964,8.100060455372137,-3.8557600371625185
2019-09-16,-0.07505271686495768,-9.430693789293374,7.980399629252542,-4.688753398881291
2019-09-17,-0.7819537393409641,-9.431676604742682,7.967844971829726,-5.319259645107331
2019-09-18,-0.5970464963418737,-7.617964852694997,7.5133833364683955,-5.13301523310082
2019-09-19,-1.0683435988743626,-5.069323920400214,7.946706669119169,-5.726248771759558
2019-09-20,-1.1285419113274968,-4.880049364181705,6.910085267290397,-6.47129297300547
2019-09-21,-1.8119912408325451,-5.9504537018594945,7.00460048995594,-6.37301895254883
2019-09-22,-4.017053113434933,-6.1473885931464105,8.87002255644844,-5.825580104723968
2019-09-23,-4.641250637775341,-5.363281846845386,7.88210705135984,-5.846713467575566
2019-09-24,-3.5296923868827967,-3.881142154392273,7.810033662914698,-4.611965710515529
2019-09-25,-3.7616597662299,-5.174269043981386,7.069169928550805,-6.438400774510203
2019-09-26,-4.056512140391737,-5.284751158901879,5.81354545253234,-6.592461242383796
2019-09-27,-4.00325588906871,-4.926753081386358,4.4415460024922915,-6.200906530235196
2019-09-28,-3.0830263487790863,-6.572314981936058,5.7746604380861095,-5.483100391602582
2019-09-29,-1.382714941008978,-5.915295658624704,5.002467412686257,-5.4579203732786326
2019-09-30,-0.47288178342122733,-7.467310464301366,4.298327808732292,-5.970476238064082
2019-10-01,-1.8535822478036268,-7.376338068121994,3.673871407947369,-5.166458898775755
2019-10-02,-0.06769755810455114,-8.269417966015263,4.7684606424915295,-5.368672981214729
2019-10-03,-0.49944289735443076,-10.238062252698395,4.851011622758204,-5.965675205984908
2019-10-04,0.43758845425417875,-9.649371834486818,5.436953814737846,-7.1167258896599055
2019-10-05,-0.9225359247435978,-9.91856700641361,5.4906889029049255,-6.77914754718357
2019-10-06,-2.5507995193600665,-10.888382218088559,4.7097767909003,-6.932421329601371
2019-10-07,-1.8659856707223197,-10.182656945630203,5.353257944051202,-7.180630235855355
2019-10-08,-1.7067996752781456,-10.963101195789475,5.636491210818343,-5.532083946127151
2019-10-09,-0.6800183180703478,-10.572067559505903,4.763971824227531,-5.9612888060687546
2019-10-10,-0.35685357183361194,-10.73874689202061,5.438494337703668,-5.519326195469274
2019-10-11,1.7151113861224874,-10.481457023009282,3.360635033316901,-5.241744169971666
2019-10-12,1.259173746031547,-11.527383975436727,3.6699631218735433,-4.39270154486623
2019-10-13,0.8335131281736714,-12.925407369743581,1.9060245156497957,-5.1339491702975035
2019-10-14,1.0650826113033625,-14.320372986662,-0.6091740546715592,-4.1865577996218395
2019-10-15,0.8589283488371157,-15.53235460244764,-1.0340808580463245,-5.064232230331693
2019-10-16,-0.05962333195059377,-15.62016992052165,-1.2217449046967845,-6.407741583244736
2019-10-17,-0.5920865243261857,-15.27189589568856,0.9106478241782618,-7.980950339755772
2019-10-18,-2.3417273480600365,-16.29208158652157,2.292694115655263,-9.008184494785917
2019-10-19,-2.1822050771005164,-16.563508200200683,1.6486383840625707,-9.654907842724327
2019-10-20,-0.9473140551120609,-16.642841559871094,2.104007346849083,-10.361838452776496
2019-10-21,-2.190863100001228,-16.843446198969282,1.3247087039867742,-10.64135838727786
2019-10-22,-2.9885826754534066,-15.306942978309605,3.033377308738742,-11.70975890175285
2019-10-23,-2.5570295906541562,-16.92086758849886,3.7911245161293374,-12.225084106821381
2019-10-24,-1.469424553287179,-17.151303681535968,3.1310742911313794,-11.96234862358767
2019-10-25,-2.2975890596103445,-18.27607870716377,2.6954430002055507,-12.584393879253899
2019-10-26,-2.1719868089113783,-19.45767280435687,2.1478830740086883,-13.835103164240323
2019-10-27,-2.909250057261957,-20.726468964725637,2.320747879323138,-13.859030016632937
2019-10-28,-2.9301118664737302,-19.528122372738068,4.30491463188061,-13.289668374224323
2019-10-29,-3.333955025360984,-19.254717673661403,4.486463629236422,-14.127678329919162
2019-10-30,-2.6976787594403566,-20.15476837349477,5.620181778051592,-13.649145326455328
2019-10-31,-1.6563550697722718,-19.786106312701747,7.4743870628573585,-13.821991413479815
2019-11-01,-3.115246978309054,-21.772501481076247,7.108205138087924,-12.054453573257854
2019-11-02,-5.000876190483972,-22.370209150333878,7.478473694594555,-13.734582607374959
2019-11-03,-5.35323211886211,-22.228927278602516,9.037750408830657,-14.329128360288033
2019-11-04,-6.214184183342495,-23.902916296867073,9.273533269564988,-14.259646198562006
2019-11-05,-5.993378002445329,-24.197895103054627,10.125345696290433,-14.813725147437998
2019-11-06,-6.0050755642706655,-22.542889676785183,9.83336811419317,-13.165068582908878
2019-11-07,-5.613647573208324,-23.802918676418095,10.666249248993479,-15.588184371582365
2019-11-08,-6.573306623338325,-23.376678301164844,9.822062461711326,-14.971213556374067
2019-11-09,-7.398064917104623,-23.615430550556425,10.635229980024972,-14.855047403120524
2019-11-10,-8.123032233292298,-24.394086914396084,9.175912805084193,-14.599139045484822
2019-11-11,-7.301918333781414,-24.926955447386973,10.009529651264303,-14.316912703489407
2019-11-12,-7.451439579039686,-23.976950381952076,10.285802891485673,-16.586687179439533
2019-11-13,-7.985438682602091,-24.87715263537288,9.613292805515146,-15.569618995271775
2019-11-14,-6.7917816147925425,-24.94490249612177,9.86824459534224,-15.73324463868949
2019-11-15,-5.919594211354415,-24.429249107490417,8.179021276482908,-16.395207705362896
2019-11-16,-6.505754399777883,-25.923556794476518,9.996924956152485,-16.91972992809535
2019-11-17,-5.812167058178022,-26.99991277929396,9.035270380960958,-16.036988030294452
2019-11-18,-4.872454354680115,-26.08816555842706,9.208615509107197,-14.737411156218743
2019-11-19,-5.384708040596835,-26.564373884414316,9.7556836573754,-14.026521478190382
2019-11-20,-4.9837653051904445,-27.27670363246206,10.109403331859959,-13.809434997854042
2019-11-21,-6.359782446295275,-30.543105038522597,10.495973765276455,-13.361171704294314
2019-11-22,-5.70007746581364,-30.96455088324272,10.638163183810954,-13.177823750407166
